PassengerId,survived - 2th epoch,result - 2th epoch,survived - 4th epoch,result - 4th epoch,survived - 8th epoch,result - 8th epoch,survived - 16th epoch,result - 16th epoch,survived - 32th epoch,result - 32th epoch,survived - 64th epoch,result - 64th epoch
892,0.15416521,False,0.15416521,False,0.15416521,False,0.15416521,False,0.15416522,False,0.15416522,False
893,0.2399111,False,0.2399111,False,0.2399111,False,0.2399111,False,0.2399111,False,0.2399111,False
894,0.103825524,False,0.103825524,False,0.103825524,False,0.103825524,False,0.103825524,False,0.103825524,False
895,0.19709998,False,0.19709998,False,0.19709998,False,0.19709998,False,0.19710004,False,0.19710004,False
896,0.55029947,True,0.55029947,True,0.55029947,True,0.55029947,True,0.55029947,True,0.55029947,True
897,0.36715043,False,0.36715043,False,0.36715043,False,0.36715043,False,0.36715043,False,0.36715043,False
898,0.33009714,False,0.33009714,False,0.33009714,False,0.33009714,False,0.33009723,False,0.33009723,False
899,0.19974329,False,0.19974329,False,0.19974329,False,0.19974329,False,0.19974321,False,0.19974321,False
900,0.58290756,True,0.58290756,True,0.58290756,True,0.58290756,True,0.5829076,True,0.5829076,True
901,0.13878928,False,0.13878928,False,0.13878928,False,0.13878928,False,0.13878928,False,0.13878928,False
902,0.19709998,False,0.19709998,False,0.19709998,False,0.19709998,False,0.19710004,False,0.19710004,False
903,0.15317492,False,0.15317492,False,0.15317492,False,0.15317492,False,0.15317489,False,0.15317489,False
904,0.63283664,True,0.63283664,True,0.63283664,True,0.63283664,True,0.6328366999999999,True,0.6328366999999999,True
905,0.08829991,False,0.08829991,False,0.08829991,False,0.08829991,False,0.08829986,False,0.08829986,False
906,0.89345,True,0.89345,True,0.89345,True,0.89345,True,0.8934498,True,0.8934498,True
907,0.5071698,True,0.5071698,True,0.5071698,True,0.5071698,True,0.5071698,True,0.5071698,True
908,0.16406162,False,0.16406162,False,0.16406162,False,0.16406162,False,0.16406153,False,0.16406153,False
909,0.24153623,False,0.24153623,False,0.24153623,False,0.24153623,False,0.24153627,False,0.24153627,False
910,0.31604699999999997,False,0.31604699999999997,False,0.31604699999999997,False,0.31604699999999997,False,0.31604686,False,0.31604686,False
911,0.35095453,False,0.35095453,False,0.35095453,False,0.35095453,False,0.3509544000000001,False,0.35095440000000006,False
912,0.11355637,False,0.11355637,False,0.11355637,False,0.11355637,False,0.11355630000000001,False,0.11355630000000001,False
913,0.46600914,False,0.46600914,False,0.46600914,False,0.46600914,False,0.46600914,False,0.46600914,False
914,0.4691065,False,0.4691065,False,0.4691065,False,0.4691065,False,0.46910655,False,0.46910655,False
915,0.3803364,False,0.3803364,False,0.3803364,False,0.3803364,False,0.3803364,False,0.3803364,False
916,0.59427845,True,0.59427845,True,0.59427845,True,0.59427845,True,0.59427845,True,0.59427845,True
917,0.086351,False,0.086351,False,0.086351,False,0.086351,False,0.08635094,False,0.08635094,False
918,0.6266725000000001,True,0.6266725000000001,True,0.6266725000000001,True,0.6266725000000001,True,0.62667257,True,0.62667257,True
919,0.22964832,False,0.22964832,False,0.22964832,False,0.22964832,False,0.22964829,False,0.22964829,False
920,0.28197232,False,0.28197232,False,0.28197232,False,0.28197232,False,0.28197235,False,0.28197235,False
921,0.10409956,False,0.10409956,False,0.10409956,False,0.10409956,False,0.10409949999999996,False,0.10409949999999998,False
922,0.10082109,False,0.10082109,False,0.10082109,False,0.10082109,False,0.10082114,False,0.10082114,False
923,0.13620379999999999,False,0.13620379999999999,False,0.13620379999999999,False,0.13620379999999999,False,0.13620379999999999,False,0.13620379999999999,False
924,0.51106644,True,0.51106644,True,0.51106644,True,0.51106644,True,0.51106644,True,0.51106644,True
925,0.5711791,True,0.5711791,True,0.5711791,True,0.5711791,True,0.57117903,True,0.57117903,True
926,0.5732235999999999,True,0.5732235999999999,True,0.5732235999999999,True,0.5732235999999999,True,0.57322365,True,0.57322365,True
927,0.3620144,False,0.3620144,False,0.3620144,False,0.3620144,False,0.36201444,False,0.36201444,False
928,0.41273937,False,0.41273937,False,0.41273937,False,0.41273937,False,0.41273934,False,0.41273934,False
929,0.42116562,False,0.42116562,False,0.42116562,False,0.42116562,False,0.42116556,False,0.42116556,False
930,0.21099283,False,0.21099283,False,0.21099283,False,0.21099283,False,0.21099293,False,0.21099293,False
931,0.19709998,False,0.19709998,False,0.19709998,False,0.19709998,False,0.19710004,False,0.19710004,False
932,0.14822966,False,0.14822966,False,0.14822966,False,0.14822966,False,0.14822958,False,0.14822958,False
933,0.8059175000000001,True,0.8059175000000001,True,0.8059175000000001,True,0.8059175000000001,True,0.8059175999999999,True,0.8059175999999999,True
934,0.12835194,False,0.12835194,False,0.12835194,False,0.12835194,False,0.12835197,False,0.12835197,False
935,0.52894,True,0.52894,True,0.52894,True,0.52894,True,0.5289401,True,0.5289401,True
936,0.7070008000000001,True,0.7070008000000001,True,0.7070008000000001,True,0.7070008000000001,True,0.7070008000000001,True,0.7070008000000001,True
937,0.25029626,False,0.25029626,False,0.25029626,False,0.25029626,False,0.25029626,False,0.25029626,False
938,0.26011446,False,0.26011446,False,0.26011446,False,0.26011446,False,0.26011449999999997,False,0.26011449999999997,False
939,0.19709998,False,0.19709998,False,0.19709998,False,0.19709998,False,0.19710004,False,0.19710004,False
940,0.64571595,True,0.64571595,True,0.64571595,True,0.64571595,True,0.64571583,True,0.64571583,True
941,0.54866433,True,0.54866433,True,0.54866433,True,0.54866433,True,0.54866433,True,0.54866433,True
942,0.62612176,True,0.62612176,True,0.62612176,True,0.62612176,True,0.62612176,True,0.62612176,True
943,0.20510036,False,0.20510036,False,0.20510036,False,0.20510036,False,0.2051004,False,0.2051004,False
944,0.33119136,False,0.33119136,False,0.33119136,False,0.33119136,False,0.33119133,False,0.33119133,False
945,0.60237825,True,0.60237825,True,0.60237825,True,0.60237825,True,0.60237825,True,0.60237825,True
946,0.23683305,False,0.23683305,False,0.23683305,False,0.23683305,False,0.23683305,False,0.23683305,False
947,0.07625104,False,0.07625104,False,0.07625104,False,0.07625104,False,0.07625104,False,0.07625104,False
948,0.15182818,False,0.15182818,False,0.15182818,False,0.15182818,False,0.15182815,False,0.15182815,False
949,1.1108548999999999,True,1.1108548999999999,True,1.1108548999999999,True,1.1108548999999999,True,1.1108548999999999,True,1.1108548999999999,True
950,0.16272055,False,0.16272055,False,0.16272055,False,0.16272055,False,0.16272055,False,0.16272055,False
951,0.54419744,True,0.54419744,True,0.54419744,True,0.54419744,True,0.5441974,True,0.5441974,True
952,0.27731922,False,0.27731922,False,0.27731922,False,0.27731922,False,0.2773192,False,0.2773192,False
953,0.20096704,False,0.20096704,False,0.20096704,False,0.20096704,False,0.20096706,False,0.20096706,False
954,0.31499165,False,0.31499165,False,0.31499165,False,0.31499165,False,0.31499165,False,0.31499165,False
955,0.45982206,False,0.45982206,False,0.45982206,False,0.45982206,False,0.45982206,False,0.45982206,False
956,0.49126083,False,0.49126083,False,0.49126083,False,0.49126083,False,0.49126077,False,0.49126077,False
957,0.5851181,True,0.5851181,True,0.5851181,True,0.5851181,True,0.5851181,True,0.5851181,True
958,0.49368215,False,0.49368215,False,0.49368215,False,0.49368215,False,0.4936822,False,0.4936822,False
959,0.15047619,False,0.15047619,False,0.15047619,False,0.15047619,False,0.1504762,False,0.1504762,False
960,0.6197060000000001,True,0.6197060000000001,True,0.6197060000000001,True,0.6197060000000001,True,0.6197060000000001,True,0.6197060000000001,True
961,0.582296,True,0.582296,True,0.582296,True,0.582296,True,0.582296,True,0.582296,True
962,0.44173723,False,0.44173723,False,0.44173723,False,0.44173723,False,0.44173723,False,0.44173723,False
963,0.24153623,False,0.24153623,False,0.24153623,False,0.24153623,False,0.24153627,False,0.24153627,False
964,0.39239913,False,0.39239913,False,0.39239913,False,0.39239913,False,0.39239913,False,0.39239913,False
965,0.77790356,True,0.77790356,True,0.77790356,True,0.77790356,True,0.77790385,True,0.77790385,True
966,0.6606369000000001,True,0.6606369000000001,True,0.6606369000000001,True,0.6606369000000001,True,0.660637,True,0.660637,True
967,0.5728392,True,0.5728392,True,0.5728392,True,0.5728392,True,0.5728392,True,0.5728392,True
968,0.19709998,False,0.19709998,False,0.19709998,False,0.19709998,False,0.19710004,False,0.19710004,False
969,0.56329453,True,0.56329453,True,0.56329453,True,0.56329453,True,0.56329453,True,0.56329453,True
970,0.21449865,False,0.21449865,False,0.21449865,False,0.21449865,False,0.21449870000000001,False,0.21449870000000001,False
971,0.39115036,False,0.39115036,False,0.39115036,False,0.39115036,False,0.39115036,False,0.39115036,False
972,0.35762462,False,0.35762462,False,0.35762462,False,0.35762462,False,0.35762459999999996,False,0.35762459999999996,False
973,0.34485653,False,0.34485653,False,0.34485653,False,0.34485653,False,0.34485614,False,0.34485614,False
974,0.14548782,False,0.14548782,False,0.14548782,False,0.14548782,False,0.14548782,False,0.14548782,False
975,0.19709998,False,0.19709998,False,0.19709998,False,0.19709998,False,0.19710004,False,0.19710004,False
976,0.23683305,False,0.23683305,False,0.23683305,False,0.23683305,False,0.23683305,False,0.23683305,False
977,0.1409703,False,0.1409703,False,0.1409703,False,0.1409703,False,0.1409703,False,0.1409703,False
978,0.3605273,False,0.3605273,False,0.3605273,False,0.3605273,False,0.3605274000000001,False,0.36052740000000005,False
979,0.49368215,False,0.49368215,False,0.49368215,False,0.49368215,False,0.4936822,False,0.4936822,False
980,0.3605273,False,0.3605273,False,0.3605273,False,0.3605273,False,0.3605274000000001,False,0.36052740000000005,False
981,0.5269685000000001,True,0.5269685000000001,True,0.5269685000000001,True,0.5269685000000001,True,0.5269685000000001,True,0.5269685000000001,True
982,0.5727985,True,0.5727985,True,0.5727985,True,0.5727985,True,0.5727985,True,0.5727985,True
983,0.19709998,False,0.19709998,False,0.19709998,False,0.19709998,False,0.19710004,False,0.19710004,False
984,0.6119089,True,0.6119089,True,0.6119089,True,0.6119089,True,0.6119089,True,0.6119089,True
985,0.19709998,False,0.19709998,False,0.19709998,False,0.19709998,False,0.19710004,False,0.19710004,False
986,0.22858775,False,0.22858775,False,0.22858775,False,0.22858775,False,0.22858779,False,0.22858779,False
987,0.25029626,False,0.25029626,False,0.25029626,False,0.25029626,False,0.25029626,False,0.25029626,False
988,0.49801916,False,0.49801916,False,0.49801916,False,0.49801916,False,0.4980192,False,0.4980192,False
989,0.21728298,False,0.21728298,False,0.21728298,False,0.21728298,False,0.21728292,False,0.21728292,False
990,0.5157596999999999,True,0.5157596999999999,True,0.5157596999999999,True,0.5157596999999999,True,0.51575977,True,0.51575977,True
991,0.18786709,False,0.18786709,False,0.18786709,False,0.18786709,False,0.18786705,False,0.18786705,False
992,0.6299316999999999,True,0.6299316999999999,True,0.6299316999999999,True,0.6299316999999999,True,0.6299315999999999,True,0.6299315999999999,True
993,0.15279883,False,0.15279883,False,0.15279883,False,0.15279883,False,0.15279879,False,0.15279879,False
994,0.19709998,False,0.19709998,False,0.19709998,False,0.19709998,False,0.19710004,False,0.19710004,False
995,0.28937814,False,0.28937814,False,0.28937814,False,0.28937814,False,0.28937826,False,0.28937826,False
996,0.556134,True,0.556134,True,0.556134,True,0.556134,True,0.55613405,True,0.55613405,True
997,0.22525407,False,0.22525407,False,0.22525407,False,0.22525407,False,0.22525413,False,0.22525413,False
998,0.24153623,False,0.24153623,False,0.24153623,False,0.24153623,False,0.24153627,False,0.24153627,False
999,0.19709998,False,0.19709998,False,0.19709998,False,0.19709998,False,0.19710004,False,0.19710004,False
1000,0.27995127,False,0.27995127,False,0.27995127,False,0.27995127,False,0.2799513,False,0.2799513,False
1001,1.5632601000000002,True,1.5632601000000002,True,1.5632601000000002,True,1.5632601000000002,True,1.5632603999999999,True,1.5632603999999999,True
1002,0.15391064,False,0.15391064,False,0.15391064,False,0.15391064,False,0.15391056,False,0.15391056,False
1003,0.41273937,False,0.41273937,False,0.41273937,False,0.41273937,False,0.41273934,False,0.41273934,False
1004,0.46320742,False,0.46320742,False,0.46320742,False,0.46320742,False,0.46320748,False,0.46320748,False
1005,0.44567662,False,0.44567662,False,0.44567662,False,0.44567662,False,0.44567668,False,0.44567668,False
1006,0.54295844,True,0.54295844,True,0.54295844,True,0.54295844,True,0.5429585,True,0.5429585,True
1007,0.18768124,False,0.18768124,False,0.18768124,False,0.18768124,False,0.18768123,False,0.18768123,False
1008,0.19709998,False,0.19709998,False,0.19709998,False,0.19709998,False,0.19710004,False,0.19710004,False
1009,0.7162048000000001,True,0.7162048000000001,True,0.7162048000000001,True,0.7162048000000001,True,0.7162048000000001,True,0.7162048000000001,True
1010,0.54455703,True,0.54455703,True,0.54455703,True,0.54455703,True,0.54455686,True,0.54455686,True
1011,0.5100255,True,0.5100255,True,0.5100255,True,0.5100255,True,0.51002556,True,0.51002556,True
1012,0.5413328000000001,True,0.5413328000000001,True,0.5413328000000001,True,0.5413328000000001,True,0.5413328000000001,True,0.5413328000000001,True
1013,0.1409703,False,0.1409703,False,0.1409703,False,0.1409703,False,0.1409703,False,0.1409703,False
1014,0.6689166,True,0.6689166,True,0.6689166,True,0.6689166,True,0.6689166,True,0.6689166,True
1015,0.22525407,False,0.22525407,False,0.22525407,False,0.22525407,False,0.22525413,False,0.22525413,False
1016,0.19709998,False,0.19709998,False,0.19709998,False,0.19709998,False,0.19710004,False,0.19710004,False
1017,0.5360499,True,0.5360499,True,0.5360499,True,0.5360499,True,0.5360499,True,0.5360499,True
1018,0.27663740000000003,False,0.27663740000000003,False,0.27663740000000003,False,0.27663740000000003,False,0.27663740000000003,False,0.27663740000000003,False
1019,0.19492273,False,0.19492273,False,0.19492273,False,0.19492273,False,0.19492278,False,0.19492278,False
1020,0.14003365,False,0.14003365,False,0.14003365,False,0.14003365,False,0.14003363,False,0.14003363,False
1021,0.21828730000000002,False,0.21828730000000002,False,0.21828730000000002,False,0.21828730000000002,False,0.21828730000000002,False,0.21828730000000002,False
1022,0.19481729,False,0.19481729,False,0.19481729,False,0.19481729,False,0.19481729999999997,False,0.19481729999999997,False
1023,0.56604236,True,0.56604236,True,0.56604236,True,0.56604236,True,0.5660424,True,0.5660424,True
1024,0.58335793,True,0.58335793,True,0.58335793,True,0.58335793,True,0.58335793,True,0.58335793,True
1025,0.16272055,False,0.16272055,False,0.16272055,False,0.16272055,False,0.16272055,False,0.16272055,False
1026,0.12217659,False,0.12217659,False,0.12217659,False,0.12217659,False,0.12217659,False,0.12217659,False
1027,0.25894457,False,0.25894457,False,0.25894457,False,0.25894457,False,0.25894466,False,0.25894466,False
1028,0.20048337,False,0.20048337,False,0.20048337,False,0.20048337,False,0.20048329999999998,False,0.20048329999999998,False
1029,0.21140219999999998,False,0.21140219999999998,False,0.21140219999999998,False,0.21140219999999998,False,0.21140224,False,0.21140224,False
1030,0.40124792,False,0.40124792,False,0.40124792,False,0.40124792,False,0.4012481,False,0.4012481,False
1031,0.26039878,False,0.26039878,False,0.26039878,False,0.26039878,False,0.26039872,False,0.26039872,False
1032,0.1971183,False,0.1971183,False,0.1971183,False,0.1971183,False,0.1971183,False,0.1971183,False
1033,0.31076574,False,0.31076574,False,0.31076574,False,0.31076574,False,0.31076574,False,0.31076574,False
1034,0.27769306,False,0.27769306,False,0.27769306,False,0.27769306,False,0.2776929,False,0.2776929,False
1035,0.22913176,False,0.22913176,False,0.22913176,False,0.22913176,False,0.22913179999999997,False,0.22913179999999997,False
1036,0.23512903,False,0.23512903,False,0.23512903,False,0.23512903,False,0.23512907,False,0.23512907,False
1037,0.077038854,False,0.077038854,False,0.077038854,False,0.077038854,False,0.07703888,False,0.07703888,False
1038,1.1256545,True,1.1256545,True,1.1256545,True,1.1256545,True,1.1256547,True,1.1256547,True
1039,0.23354927,False,0.23354927,False,0.23354927,False,0.23354927,False,0.23354922,False,0.23354922,False
1040,0.243667,False,0.243667,False,0.243667,False,0.243667,False,0.24366710000000005,False,0.24366710000000003,False
1041,0.30923885,False,0.30923885,False,0.30923885,False,0.30923885,False,0.309239,False,0.309239,False
1042,0.69093657,True,0.69093657,True,0.69093657,True,0.69093657,True,0.6909367,True,0.6909367,True
1043,0.19709998,False,0.19709998,False,0.19709998,False,0.19709998,False,0.19710004,False,0.19710004,False
1044,0.08982731,False,0.08982731,False,0.08982731,False,0.08982731,False,0.08982731,False,0.08982731,False
1045,0.54866433,True,0.54866433,True,0.54866433,True,0.54866433,True,0.54866433,True,0.54866433,True
1046,0.08619663,False,0.08619663,False,0.08619663,False,0.08619663,False,0.08619657,False,0.08619657,False
1047,0.21828730000000002,False,0.21828730000000002,False,0.21828730000000002,False,0.21828730000000002,False,0.21828730000000002,False,0.21828730000000002,False
1048,0.713769,True,0.713769,True,0.713769,True,0.713769,True,0.71376914,True,0.71376914,True
1049,0.4509071,False,0.4509071,False,0.4509071,False,0.4509071,False,0.45090717,False,0.45090717,False
1050,0.6460529,True,0.6460529,True,0.6460529,True,0.6460529,True,0.6460529,True,0.6460529,True
1051,0.5702471,True,0.5702471,True,0.5702471,True,0.5702471,True,0.5702471,True,0.5702471,True
1052,0.3605273,False,0.3605273,False,0.3605273,False,0.3605273,False,0.3605274000000001,False,0.36052740000000005,False
1053,0.38553765,False,0.38553765,False,0.38553765,False,0.38553765,False,0.38553762,False,0.38553762,False
1054,0.36882064,False,0.36882064,False,0.36882064,False,0.36882064,False,0.36882067,False,0.36882067,False
1055,0.19709998,False,0.19709998,False,0.19709998,False,0.19709998,False,0.19710004,False,0.19710004,False
1056,0.30244452,False,0.30244452,False,0.30244452,False,0.30244452,False,0.30244443,False,0.30244443,False
1057,0.49078202,False,0.49078202,False,0.49078202,False,0.49078202,False,0.49078202,False,0.49078202,False
1058,0.3468593,False,0.3468593,False,0.3468593,False,0.3468593,False,0.34685957,False,0.34685957,False
1059,0.21675149999999999,False,0.21675149999999999,False,0.21675149999999999,False,0.21675149999999999,False,0.21675152,False,0.21675152,False
1060,0.5835893,True,0.5835893,True,0.5835893,True,0.5835893,True,0.5835893,True,0.5835893,True
1061,0.45982206,False,0.45982206,False,0.45982206,False,0.45982206,False,0.45982206,False,0.45982206,False
1062,0.19709998,False,0.19709998,False,0.19709998,False,0.19709998,False,0.19710004,False,0.19710004,False
1063,0.19709998,False,0.19709998,False,0.19709998,False,0.19709998,False,0.19710004,False,0.19710004,False
1064,0.18711011,False,0.18711011,False,0.18711011,False,0.18711011,False,0.18711007,False,0.18711007,False
1065,0.19709998,False,0.19709998,False,0.19709998,False,0.19709998,False,0.19710004,False,0.19710004,False
1066,0.3281432,False,0.3281432,False,0.3281432,False,0.3281432,False,0.3281432,False,0.3281432,False
1067,0.5708198,True,0.5708198,True,0.5708198,True,0.5708198,True,0.5708198,True,0.5708198,True
1068,0.42746258,False,0.42746258,False,0.42746258,False,0.42746258,False,0.42746258,False,0.42746258,False
1069,0.4266305,False,0.4266305,False,0.4266305,False,0.4266305,False,0.42663053,False,0.42663053,False
1070,0.7746209,True,0.7746209,True,0.7746209,True,0.7746209,True,0.77462083,True,0.77462083,True
1071,0.6464300000000001,True,0.6464300000000001,True,0.6464300000000001,True,0.6464300000000001,True,0.6464300000000001,True,0.6464300000000001,True
1072,0.21449865,False,0.21449865,False,0.21449865,False,0.21449865,False,0.21449870000000001,False,0.21449870000000001,False
1073,0.8003309000000001,True,0.8003309000000001,True,0.8003309000000001,True,0.8003309000000001,True,0.80033076,True,0.80033076,True
1074,0.87980425,True,0.87980425,True,0.87980425,True,0.87980425,True,0.8798041999999999,True,0.8798041999999999,True
1075,0.19709998,False,0.19709998,False,0.19709998,False,0.19709998,False,0.19710004,False,0.19710004,False
1076,0.61829495,True,0.61829495,True,0.61829495,True,0.61829495,True,0.6182949000000001,True,0.6182949000000001,True
1077,0.15809454,False,0.15809454,False,0.15809454,False,0.15809454,False,0.15809444,False,0.15809444,False
1078,0.5350818,True,0.5350818,True,0.5350818,True,0.5350818,True,0.5350818,True,0.5350818,True
1079,0.1363421,False,0.1363421,False,0.1363421,False,0.1363421,False,0.13634205,False,0.13634205,False
1080,0.045673516,False,0.045673516,False,0.045673516,False,0.045673516,False,0.045673516,False,0.045673516,False
1081,0.1459683,False,0.1459683,False,0.1459683,False,0.1459683,False,0.14596821,False,0.14596821,False
1082,0.13946171,False,0.13946171,False,0.13946171,False,0.13946171,False,0.1394618,False,0.1394618,False
1083,0.243667,False,0.243667,False,0.243667,False,0.243667,False,0.24366710000000005,False,0.24366710000000003,False
1084,0.32393459999999996,False,0.32393459999999996,False,0.32393459999999996,False,0.32393459999999996,False,0.32393467,False,0.32393467,False
1085,0.105895735,False,0.105895735,False,0.105895735,False,0.105895735,False,0.10589557,False,0.10589557,False
1086,0.52932763,True,0.52932763,True,0.52932763,True,0.52932763,True,0.5293277,True,0.5293277,True
1087,0.22530596,False,0.22530596,False,0.22530596,False,0.22530596,False,0.22530603,False,0.22530603,False
1088,0.8840925,True,0.8840925,True,0.8840925,True,0.8840925,True,0.8840925,True,0.8840925,True
1089,0.49368215,False,0.49368215,False,0.49368215,False,0.49368215,False,0.4936822,False,0.4936822,False
1090,0.26980036,False,0.26980036,False,0.26980036,False,0.26980036,False,0.26980045,False,0.26980045,False
1091,0.51909214,True,0.51909214,True,0.51909214,True,0.51909214,True,0.5190922,True,0.5190922,True
1092,0.3605273,False,0.3605273,False,0.3605273,False,0.3605273,False,0.3605274000000001,False,0.36052740000000005,False
1093,0.6482171,True,0.6482171,True,0.6482171,True,0.6482171,True,0.6482171,True,0.6482171,True
1094,0.56034565,True,0.56034565,True,0.56034565,True,0.56034565,True,0.56034565,True,0.56034565,True
1095,0.55429673,True,0.55429673,True,0.55429673,True,0.55429673,True,0.55429673,True,0.55429673,True
1096,0.2529223,False,0.2529223,False,0.2529223,False,0.2529223,False,0.25292236,False,0.25292236,False
1097,0.243667,False,0.243667,False,0.243667,False,0.243667,False,0.24366710000000005,False,0.24366710000000003,False
1098,0.28231087,False,0.28231087,False,0.28231087,False,0.28231087,False,0.28231096,False,0.28231096,False
1099,0.30749458,False,0.30749458,False,0.30749458,False,0.30749458,False,0.30749458,False,0.30749458,False
1100,0.48679873,False,0.48679873,False,0.48679873,False,0.48679873,False,0.48679876,False,0.48679876,False
1101,0.21099283,False,0.21099283,False,0.21099283,False,0.21099283,False,0.21099293,False,0.21099293,False
1102,0.19481729,False,0.19481729,False,0.19481729,False,0.19481729,False,0.19481729999999997,False,0.19481729999999997,False
1103,0.19709998,False,0.19709998,False,0.19709998,False,0.19709998,False,0.19710004,False,0.19710004,False
1104,0.3254059,False,0.3254059,False,0.3254059,False,0.3254059,False,0.32540593,False,0.32540593,False
1105,0.18732437,False,0.18732437,False,0.18732437,False,0.18732437,False,0.1873243,False,0.1873243,False
1106,0.11431215,False,0.11431215,False,0.11431215,False,0.11431215,False,0.114312105,False,0.114312105,False
1107,0.37953138,False,0.37953138,False,0.37953138,False,0.37953138,False,0.37953132,False,0.37953132,False
1108,0.41273937,False,0.41273937,False,0.41273937,False,0.41273937,False,0.41273934,False,0.41273934,False
1109,0.107515015,False,0.107515015,False,0.107515015,False,0.107515015,False,0.10751507,False,0.10751507,False
1110,0.6021055999999999,True,0.6021055999999999,True,0.6021055999999999,True,0.6021055999999999,True,0.60210556,True,0.60210556,True
1111,0.23342974,False,0.23342974,False,0.23342974,False,0.23342974,False,0.23342969,False,0.23342969,False
1112,0.33495265,False,0.33495265,False,0.33495265,False,0.33495265,False,0.33495262,False,0.33495262,False
1113,0.28572600000000004,False,0.28572600000000004,False,0.28572600000000004,False,0.28572600000000004,False,0.28572607,False,0.28572607,False
1114,1.848766,True,1.848766,True,1.848766,True,1.848766,True,1.8487656000000003,True,1.8487656000000003,True
1115,0.28572600000000004,False,0.28572600000000004,False,0.28572600000000004,False,0.28572600000000004,False,0.28572607,False,0.28572607,False
1116,0.31888247,False,0.31888247,False,0.31888247,False,0.31888247,False,0.31888249999999996,False,0.31888249999999996,False
1117,0.5834375,True,0.5834375,True,0.5834375,True,0.5834375,True,0.5834375,True,0.5834375,True
1118,0.26772192,False,0.26772192,False,0.26772192,False,0.26772192,False,0.26772198,False,0.26772198,False
1119,0.3605273,False,0.3605273,False,0.3605273,False,0.3605273,False,0.3605274000000001,False,0.36052740000000005,False
1120,0.14496033,False,0.14496033,False,0.14496033,False,0.14496033,False,0.14496037,False,0.14496037,False
1121,0.20454360000000002,False,0.20454360000000002,False,0.20454360000000002,False,0.20454360000000002,False,0.20454352,False,0.20454352,False
1122,0.36074179999999995,False,0.36074179999999995,False,0.36074179999999995,False,0.36074179999999995,False,0.36074182,False,0.36074182,False
1123,0.41680464,False,0.41680464,False,0.41680464,False,0.41680464,False,0.4168045999999999,False,0.4168045999999999,False
1124,0.20038721,False,0.20038721,False,0.20038721,False,0.20038721,False,0.20038715,False,0.20038715,False
1125,0.19709998,False,0.19709998,False,0.19709998,False,0.19709998,False,0.19710004,False,0.19710004,False
1126,0.4998573,False,0.4998573,False,0.4998573,False,0.4998573,False,0.49985725,False,0.49985725,False
1127,0.29505926,False,0.29505926,False,0.29505926,False,0.29505926,False,0.29505929999999997,False,0.29505929999999997,False
1128,0.46852186,False,0.46852186,False,0.46852186,False,0.46852186,False,0.46852183,False,0.46852183,False
1129,0.24980709,False,0.24980709,False,0.24980709,False,0.24980709,False,0.24980709,False,0.24980709,False
1130,0.39737004,False,0.39737004,False,0.39737004,False,0.39737004,False,0.39737004,False,0.39737004,False
1131,0.61087734,True,0.61087734,True,0.61087734,True,0.61087734,True,0.61087734,True,0.61087734,True
1132,0.30135363,False,0.30135363,False,0.30135363,False,0.30135363,False,0.30135342,False,0.30135342,False
1133,0.3767341,False,0.3767341,False,0.3767341,False,0.3767341,False,0.37673423,False,0.37673423,False
1134,0.6943754,True,0.6943754,True,0.6943754,True,0.6943754,True,0.69437534,True,0.69437534,True
1135,0.19709998,False,0.19709998,False,0.19709998,False,0.19709998,False,0.19710004,False,0.19710004,False
1136,0.20294924,False,0.20294924,False,0.20294924,False,0.20294924,False,0.20294935,False,0.20294935,False
1137,0.62569827,True,0.62569827,True,0.62569827,True,0.62569827,True,0.6256984,True,0.6256984,True
1138,0.5676856,True,0.5676856,True,0.5676856,True,0.5676856,True,0.5676856,True,0.5676856,True
1139,0.12137438,False,0.12137438,False,0.12137438,False,0.12137438,False,0.121374354,False,0.121374354,False
1140,0.46724895,False,0.46724895,False,0.46724895,False,0.46724895,False,0.46724895,False,0.46724895,False
1141,0.4902705,False,0.4902705,False,0.4902705,False,0.4902705,False,0.4902705,False,0.4902705,False
1142,0.63506556,True,0.63506556,True,0.63506556,True,0.63506556,True,0.63506556,True,0.63506556,True
1143,0.34649006,False,0.34649006,False,0.34649006,False,0.34649006,False,0.34649011,False,0.34649011,False
1144,0.59947586,True,0.59947586,True,0.59947586,True,0.59947586,True,0.59947586,True,0.59947586,True
1145,0.25894457,False,0.25894457,False,0.25894457,False,0.25894457,False,0.25894466,False,0.25894466,False
1146,0.16415729,False,0.16415729,False,0.16415729,False,0.16415729,False,0.16415735,False,0.16415735,False
1147,0.23342974,False,0.23342974,False,0.23342974,False,0.23342974,False,0.23342969,False,0.23342969,False
1148,0.19709998,False,0.19709998,False,0.19709998,False,0.19709998,False,0.19710004,False,0.19710004,False
1149,0.19052054,False,0.19052054,False,0.19052054,False,0.19052054,False,0.19052052,False,0.19052052,False
1150,0.48135334,False,0.48135334,False,0.48135334,False,0.48135334,False,0.48135340000000004,False,0.48135340000000004,False
1151,0.28572600000000004,False,0.28572600000000004,False,0.28572600000000004,False,0.28572600000000004,False,0.28572607,False,0.28572607,False
1152,0.13625962,False,0.13625962,False,0.13625962,False,0.13625962,False,0.13625965,False,0.13625965,False
1153,0.28572600000000004,False,0.28572600000000004,False,0.28572600000000004,False,0.28572600000000004,False,0.28572607,False,0.28572607,False
1154,0.58906627,True,0.58906627,True,0.58906627,True,0.58906627,True,0.5890663,True,0.5890663,True
1155,0.62358665,True,0.62358665,True,0.62358665,True,0.62358665,True,0.62358665,True,0.62358665,True
1156,0.25234565,False,0.25234565,False,0.25234565,False,0.25234565,False,0.25234565,False,0.25234565,False
1157,0.19709998,False,0.19709998,False,0.19709998,False,0.19709998,False,0.19710004,False,0.19710004,False
1158,0.28122646,False,0.28122646,False,0.28122646,False,0.28122646,False,0.28122646,False,0.28122646,False
1159,0.23342974,False,0.23342974,False,0.23342974,False,0.23342974,False,0.23342969,False,0.23342969,False
1160,0.41273937,False,0.41273937,False,0.41273937,False,0.41273937,False,0.41273934,False,0.41273934,False
1161,0.27731922,False,0.27731922,False,0.27731922,False,0.27731922,False,0.2773192,False,0.2773192,False
1162,0.5024711,True,0.5024711,True,0.5024711,True,0.5024711,True,0.502471,True,0.502471,True
1163,0.19709998,False,0.19709998,False,0.19709998,False,0.19709998,False,0.19710004,False,0.19710004,False
1164,0.7065570999999999,True,0.7065570999999999,True,0.7065570999999999,True,0.7065570999999999,True,0.70655704,True,0.70655704,True
1165,0.26890302,False,0.26890302,False,0.26890302,False,0.26890302,False,0.26890302,False,0.26890302,False
1166,0.23342974,False,0.23342974,False,0.23342974,False,0.23342974,False,0.23342969,False,0.23342969,False
1167,0.48032498,False,0.48032498,False,0.48032498,False,0.48032498,False,0.48032498,False,0.48032498,False
1168,0.22913176,False,0.22913176,False,0.22913176,False,0.22913176,False,0.22913179999999997,False,0.22913179999999997,False
1169,0.11618991,False,0.11618991,False,0.11618991,False,0.11618991,False,0.11618991,False,0.11618991,False
1170,0.15594581,False,0.15594581,False,0.15594581,False,0.15594581,False,0.15594581,False,0.15594581,False
1171,0.27849752,False,0.27849752,False,0.27849752,False,0.27849752,False,0.27849759999999996,False,0.27849759999999996,False
1172,0.40124792,False,0.40124792,False,0.40124792,False,0.40124792,False,0.4012481,False,0.4012481,False
1173,0.5820288,True,0.5820288,True,0.5820288,True,0.5820288,True,0.5820288,True,0.5820288,True
1174,0.3605273,False,0.3605273,False,0.3605273,False,0.3605273,False,0.3605274000000001,False,0.36052740000000005,False
1175,0.55374366,True,0.55374366,True,0.55374366,True,0.55374366,True,0.5537437,True,0.5537437,True
1176,0.6181354,True,0.6181354,True,0.6181354,True,0.6181354,True,0.6181354,True,0.6181354,True
1177,0.14734106,False,0.14734106,False,0.14734106,False,0.14734106,False,0.14734107,False,0.14734107,False
1178,0.27995127,False,0.27995127,False,0.27995127,False,0.27995127,False,0.2799513,False,0.2799513,False
1179,0.48072156,False,0.48072156,False,0.48072156,False,0.48072156,False,0.48072147,False,0.48072147,False
1180,1.0853236000000002,True,1.0853236000000002,True,1.0853236000000002,True,1.0853236000000002,True,1.0853233,True,1.0853233,True
1181,0.19709998,False,0.19709998,False,0.19709998,False,0.19709998,False,0.19710004,False,0.19710004,False
1182,0.28122646,False,0.28122646,False,0.28122646,False,0.28122646,False,0.28122646,False,0.28122646,False
1183,0.43506128,False,0.43506128,False,0.43506128,False,0.43506128,False,0.43506130000000004,False,0.43506130000000004,False
1184,0.19709998,False,0.19709998,False,0.19709998,False,0.19709998,False,0.19710004,False,0.19710004,False
1185,0.27551782,False,0.27551782,False,0.27551782,False,0.27551782,False,0.27551770000000003,False,0.27551770000000003,False
1186,0.14734106,False,0.14734106,False,0.14734106,False,0.14734106,False,0.14734107,False,0.14734107,False
1187,0.20392743,False,0.20392743,False,0.20392743,False,0.20392743,False,0.20392738,False,0.20392738,False
1188,0.6401496999999999,True,0.6401496999999999,True,0.6401496999999999,True,0.6401496999999999,True,0.6401496999999999,True,0.6401496999999999,True
1189,0.10409956,False,0.10409956,False,0.10409956,False,0.10409956,False,0.10409949999999996,False,0.10409949999999998,False
1190,0.22330624,False,0.22330624,False,0.22330624,False,0.22330624,False,0.22330624,False,0.22330624,False
1191,0.18419766,False,0.18419766,False,0.18419766,False,0.18419766,False,0.18419766,False,0.18419766,False
1192,0.19481729,False,0.19481729,False,0.19481729,False,0.19481729,False,0.19481729999999997,False,0.19481729999999997,False
1193,0.7102267,True,0.7102267,True,0.7102267,True,0.7102267,True,0.7102267,True,0.7102267,True
1194,0.15796693,False,0.15796693,False,0.15796693,False,0.15796693,False,0.15796688,False,0.15796688,False
1195,0.21828730000000002,False,0.21828730000000002,False,0.21828730000000002,False,0.21828730000000002,False,0.21828730000000002,False,0.21828730000000002,False
1196,0.41273937,False,0.41273937,False,0.41273937,False,0.41273937,False,0.41273934,False,0.41273934,False
1197,0.48977208,False,0.48977208,False,0.48977208,False,0.48977208,False,0.48977208,False,0.48977208,False
1198,0.5921502,True,0.5921502,True,0.5921502,True,0.5921502,True,0.59215015,True,0.59215015,True
1199,0.6293665,True,0.6293665,True,0.6293665,True,0.6293665,True,0.6293665,True,0.6293665,True
1200,0.29091257,False,0.29091257,False,0.29091257,False,0.29091257,False,0.29091257,False,0.29091257,False
1201,0.36409974,False,0.36409974,False,0.36409974,False,0.36409974,False,0.36409977,False,0.36409977,False
1202,0.31499165,False,0.31499165,False,0.31499165,False,0.31499165,False,0.31499165,False,0.31499165,False
1203,0.23354927,False,0.23354927,False,0.23354927,False,0.23354927,False,0.23354922,False,0.23354922,False
1204,0.19709998,False,0.19709998,False,0.19709998,False,0.19709998,False,0.19710004,False,0.19710004,False
1205,0.26485115,False,0.26485115,False,0.26485115,False,0.26485115,False,0.26485097,False,0.26485097,False
1206,0.6056799,True,0.6056799,True,0.6056799,True,0.6056799,True,0.6056799,True,0.6056799,True
1207,0.46051937,False,0.46051937,False,0.46051937,False,0.46051937,False,0.4605193,False,0.4605193,False
1208,0.28202309999999997,False,0.28202309999999997,False,0.28202309999999997,False,0.28202309999999997,False,0.28202298,False,0.28202298,False
1209,0.3057107,False,0.3057107,False,0.3057107,False,0.3057107,False,0.3057107,False,0.3057107,False
1210,0.23342974,False,0.23342974,False,0.23342974,False,0.23342974,False,0.23342969,False,0.23342969,False
1211,0.14406505,False,0.14406505,False,0.14406505,False,0.14406505,False,0.144065,False,0.144065,False
1212,0.24178495,False,0.24178495,False,0.24178495,False,0.24178495,False,0.24178502,False,0.24178502,False
1213,1.129865,True,1.129865,True,1.129865,True,1.129865,True,1.1298648999999998,True,1.1298648999999998,True
1214,1.332619,True,1.332619,True,1.332619,True,1.332619,True,1.3326188,True,1.3326188,True
1215,0.20543274,False,0.20543274,False,0.20543274,False,0.20543274,False,0.20543285,False,0.20543285,False
1216,0.26913777,False,0.26913777,False,0.26913777,False,0.26913777,False,0.26913783,False,0.26913783,False
1217,0.22580533,False,0.22580533,False,0.22580533,False,0.22580533,False,0.22580531,False,0.22580531,False
1218,1.8472745,True,1.8472745,True,1.8472745,True,1.8472745,True,1.8472743000000005,True,1.8472743000000003,True
1219,0.17851596,False,0.17851596,False,0.17851596,False,0.17851596,False,0.17851605,False,0.17851605,False
1220,0.16063885,False,0.16063885,False,0.16063885,False,0.16063885,False,0.1606388,False,0.1606388,False
1221,0.24677029,False,0.24677029,False,0.24677029,False,0.24677029,False,0.24677037,False,0.24677037,False
1222,0.5624673000000001,True,0.5624673000000001,True,0.5624673000000001,True,0.5624673000000001,True,0.56246734,True,0.56246734,True
1223,0.29439297,False,0.29439297,False,0.29439297,False,0.29439297,False,0.29439309999999996,False,0.29439309999999996,False
1224,0.19709998,False,0.19709998,False,0.19709998,False,0.19709998,False,0.19710004,False,0.19710004,False
1225,0.56364244,True,0.56364244,True,0.56364244,True,0.56364244,True,0.5636425,True,0.5636425,True
1226,0.19709998,False,0.19709998,False,0.19709998,False,0.19709998,False,0.19710004,False,0.19710004,False
1227,0.6143721,True,0.6143721,True,0.6143721,True,0.6143721,True,0.6143721,True,0.6143721,True
1228,0.23532675,False,0.23532675,False,0.23532675,False,0.23532675,False,0.23532675,False,0.23532675,False
1229,0.1673267,False,0.1673267,False,0.1673267,False,0.1673267,False,0.16732678,False,0.16732678,False
1230,0.21796569,False,0.21796569,False,0.21796569,False,0.21796569,False,0.2179657,False,0.2179657,False
1231,0.15360647,False,0.15360647,False,0.15360647,False,0.15360647,False,0.15360652,False,0.15360652,False
1232,0.31532717,False,0.31532717,False,0.31532717,False,0.31532717,False,0.31532717,False,0.31532717,False
1233,0.19481729,False,0.19481729,False,0.19481729,False,0.19481729,False,0.19481729999999997,False,0.19481729999999997,False
1234,0.58206695,True,0.58206695,True,0.58206695,True,0.58206695,True,0.5820668999999999,True,0.5820668999999999,True
1235,0.5857359000000001,True,0.5857359000000001,True,0.5857359000000001,True,0.5857359000000001,True,0.58573586,True,0.58573586,True
1236,0.17049079,False,0.17049079,False,0.17049079,False,0.17049079,False,0.17049085,False,0.17049085,False
1237,0.5107202000000001,True,0.5107202000000001,True,0.5107202000000001,True,0.5107202000000001,True,0.5107202000000001,True,0.5107202000000001,True
1238,0.24476966,False,0.24476966,False,0.24476966,False,0.24476966,False,0.24476963,False,0.24476963,False
1239,0.47522807,False,0.47522807,False,0.47522807,False,0.47522807,False,0.4752281,False,0.4752281,False
1240,0.22478668,False,0.22478668,False,0.22478668,False,0.22478668,False,0.22478676,False,0.22478676,False
1241,0.32142659999999995,False,0.32142659999999995,False,0.32142659999999995,False,0.32142659999999995,False,0.32142659999999995,False,0.32142659999999995,False
1242,0.6767152,True,0.6767152,True,0.6767152,True,0.6767152,True,0.6767152,True,0.6767152,True
1243,0.2529223,False,0.2529223,False,0.2529223,False,0.2529223,False,0.25292236,False,0.25292236,False
1244,0.27129050000000005,False,0.27129050000000005,False,0.27129050000000005,False,0.27129050000000005,False,0.27129050000000005,False,0.27129050000000005,False
1245,0.10297755,False,0.10297755,False,0.10297755,False,0.10297755,False,0.10297753,False,0.10297753,False
1246,0.6355008000000001,True,0.6355008000000001,True,0.6355008000000001,True,0.6355008000000001,True,0.6355008000000001,True,0.6355008000000001,True
1247,0.7084281,True,0.7084281,True,0.7084281,True,0.7084281,True,0.708428,True,0.708428,True
1248,0.5422095,True,0.5422095,True,0.5422095,True,0.5422095,True,0.54220957,True,0.54220957,True
1249,0.19709998,False,0.19709998,False,0.19709998,False,0.19709998,False,0.19710004,False,0.19710004,False
1250,0.19709998,False,0.19709998,False,0.19709998,False,0.19709998,False,0.19710004,False,0.19710004,False
1251,0.5087375,True,0.5087375,True,0.5087375,True,0.5087375,True,0.5087375,True,0.5087375,True
1252,0.02857209,False,0.02857209,False,0.02857209,False,0.02857209,False,0.02857209,False,0.02857209,False
1253,0.50023854,True,0.50023854,True,0.50023854,True,0.50023854,True,0.5002386,True,0.5002386,True
1254,0.5526691999999999,True,0.5526691999999999,True,0.5526691999999999,True,0.5526691999999999,True,0.5526693,True,0.5526693,True
1255,0.19709998,False,0.19709998,False,0.19709998,False,0.19709998,False,0.19710004,False,0.19710004,False
1256,1.4166421,True,1.4166421,True,1.4166421,True,1.4166421,True,1.4166421,True,1.4166421,True
1257,0.6338341,True,0.6338341,True,0.6338341,True,0.6338341,True,0.6338341,True,0.6338341,True
1258,0.1409703,False,0.1409703,False,0.1409703,False,0.1409703,False,0.1409703,False,0.1409703,False
1259,0.5020895000000001,True,0.5020895000000001,True,0.5020895000000001,True,0.5020895000000001,True,0.5020895000000001,True,0.5020895000000001,True
1260,0.43427798,False,0.43427798,False,0.43427798,False,0.43427798,False,0.43427798,False,0.43427798,False
1261,0.26118982,False,0.26118982,False,0.26118982,False,0.26118982,False,0.26118982,False,0.26118982,False
1262,0.18006244,False,0.18006244,False,0.18006244,False,0.18006244,False,0.18006244,False,0.18006244,False
1263,1.2807385,True,1.2807385,True,1.2807385,True,1.2807385,True,1.2807385,True,1.2807385,True
1264,0.36321554,False,0.36321554,False,0.36321554,False,0.36321554,False,0.36321568,False,0.36321568,False
1265,0.14269779999999999,False,0.14269779999999999,False,0.14269779999999999,False,0.14269779999999999,False,0.14269793,False,0.14269793,False
1266,0.36471704,False,0.36471704,False,0.36471704,False,0.36471704,False,0.36471695,False,0.36471695,False
1267,0.25709504,False,0.25709504,False,0.25709504,False,0.25709504,False,0.25709504,False,0.25709504,False
1268,0.22982612,False,0.22982612,False,0.22982612,False,0.22982612,False,0.2298262,False,0.2298262,False
1269,0.2873638,False,0.2873638,False,0.2873638,False,0.2873638,False,0.2873638,False,0.2873638,False
1270,0.44782186,False,0.44782186,False,0.44782186,False,0.44782186,False,0.44782177,False,0.44782177,False
1271,0.13813904,False,0.13813904,False,0.13813904,False,0.13813904,False,0.13813904,False,0.13813904,False
1272,0.19709998,False,0.19709998,False,0.19709998,False,0.19709998,False,0.19710004,False,0.19710004,False
1273,0.20392743,False,0.20392743,False,0.20392743,False,0.20392743,False,0.20392738,False,0.20392738,False
1274,0.47915956,False,0.47915956,False,0.47915956,False,0.47915956,False,0.47915968,False,0.47915968,False
1275,0.5086601,True,0.5086601,True,0.5086601,True,0.5086601,True,0.5086601,True,0.5086601,True
1276,0.23683305,False,0.23683305,False,0.23683305,False,0.23683305,False,0.23683305,False,0.23683305,False
1277,0.37740397,False,0.37740397,False,0.37740397,False,0.37740397,False,0.37740397,False,0.37740397,False
1278,0.30823055,False,0.30823055,False,0.30823055,False,0.30823055,False,0.30823049999999996,False,0.30823049999999996,False
1279,0.1108638,False,0.1108638,False,0.1108638,False,0.1108638,False,0.1108638,False,0.1108638,False
1280,0.24153623,False,0.24153623,False,0.24153623,False,0.24153623,False,0.24153627,False,0.24153627,False
1281,0.16395764,False,0.16395764,False,0.16395764,False,0.16395764,False,0.16395766,False,0.16395766,False
1282,0.5495916999999999,True,0.5495916999999999,True,0.5495916999999999,True,0.5495916999999999,True,0.5495916999999999,True,0.5495916999999999,True
1283,0.6500389,True,0.6500389,True,0.6500389,True,0.6500389,True,0.65003896,True,0.65003896,True
1284,0.4293093,False,0.4293093,False,0.4293093,False,0.4293093,False,0.42930922,False,0.42930922,False
1285,0.1277675,False,0.1277675,False,0.1277675,False,0.1277675,False,0.12776756,False,0.12776756,False
1286,0.07982917,False,0.07982917,False,0.07982917,False,0.07982917,False,0.07982917,False,0.07982917,False
1287,0.7185531999999999,True,0.7185531999999999,True,0.7185531999999999,True,0.7185531999999999,True,0.7185531,True,0.7185531,True
1288,0.21828730000000002,False,0.21828730000000002,False,0.21828730000000002,False,0.21828730000000002,False,0.21828730000000002,False,0.21828730000000002,False
1289,0.55480397,True,0.55480397,True,0.55480397,True,0.55480397,True,0.55480385,True,0.55480385,True
1290,0.27663740000000003,False,0.27663740000000003,False,0.27663740000000003,False,0.27663740000000003,False,0.27663740000000003,False,0.27663740000000003,False
1291,0.20204578,False,0.20204578,False,0.20204578,False,0.20204578,False,0.20204583,False,0.20204583,False
1292,0.7043265000000001,True,0.7043265000000001,True,0.7043265000000001,True,0.7043265000000001,True,0.7043265999999999,True,0.7043265999999999,True
1293,0.12027152,False,0.12027152,False,0.12027152,False,0.12027152,False,0.12027154,False,0.12027154,False
1294,0.48731098,False,0.48731098,False,0.48731098,False,0.48731098,False,0.48731107,False,0.48731107,False
1295,0.32728526,False,0.32728526,False,0.32728526,False,0.32728526,False,0.32728517,False,0.32728517,False
1296,0.60647357,True,0.60647357,True,0.60647357,True,0.60647357,True,0.60647357,True,0.60647357,True
1297,0.70372415,True,0.70372415,True,0.70372415,True,0.70372415,True,0.70372415,True,0.70372415,True
1298,0.19373891,False,0.19373891,False,0.19373891,False,0.19373891,False,0.19373886,False,0.19373886,False
1299,0.4351454000000001,False,0.4351454000000001,False,0.4351454000000001,False,0.4351454000000001,False,0.43514526,False,0.43514526,False
1300,0.41273937,False,0.41273937,False,0.41273937,False,0.41273937,False,0.41273934,False,0.41273934,False
1301,0.60725653,True,0.60725653,True,0.60725653,True,0.60725653,True,0.60725653,True,0.60725653,True
1302,0.3605273,False,0.3605273,False,0.3605273,False,0.3605273,False,0.3605274000000001,False,0.36052740000000005,False
1303,0.6487761,True,0.6487761,True,0.6487761,True,0.6487761,True,0.6487762,True,0.6487762,True
1304,0.40264829999999996,False,0.40264829999999996,False,0.40264829999999996,False,0.40264829999999996,False,0.40264827,False,0.40264827,False
1305,0.19709998,False,0.19709998,False,0.19709998,False,0.19709998,False,0.19710004,False,0.19710004,False
1306,0.6639778000000001,True,0.6639778000000001,True,0.6639778000000001,True,0.6639778000000001,True,0.6639778000000001,True,0.6639778000000001,True
1307,0.15483485,False,0.15483485,False,0.15483485,False,0.15483485,False,0.15483488,False,0.15483488,False
1308,0.19709998,False,0.19709998,False,0.19709998,False,0.19709998,False,0.19709998,False,0.19710004,False
1309,0.14227612,False,0.14227612,False,0.14227612,False,0.14227612,False,0.14227612,False,0.14227608,False
